{"empid":1020,"ename":"king","address": {"building": "1007", "coord": [-73.856077, 40.848447], "street": "Morris Park Ave", "zipcode": "10462"},"isDocActive": false,"gender": "male","canVote": true, "canDrive":true,"color": ["blue","black"], "fruit": [],"cards": [ { "aadhar":{"aadhar-No" :"93478", "isActive":true}}, {"PAN":{"PAN-No" :"Kinj093", "isActive":false}},{"voter":{"voterID":"Ind03o3", "isActive":true}},{"licence":{"licence-No":"LMV9478","issueDate":"2020-01-01","expireDate":"2040-01-01", "isActive":true}}], "job":"president","mgr":null,"hiredate":{"$date":"1981-11-17T00:00:00.000Z"},"sal":5000,"comm":null,"deptno":10}
{"empid":1021,"ename":"smith","address": {"building": "469", "coord": [-73.961704, 40.662942], "street": "Flatbush Avenue", "zipcode": "11225"},"isDocActive": false,"gender": "male","canVote": true, "canDrive":true,"color": ["red", "cyan", "gray"], "fruit": ["grapes", "Orange"],"cards": [ {"licence":{"licence-No":"LMV9478","issueDate":"2020-01-01","expireDate":"2040-01-01", "isActive":true}}, {"PAN":{"PAN-No" :"smh838", "isActive":false}},{"voter":{"voterID":"Ind03o3", "isActive":true}},{"aadhar":{"aadhar-No" :"43564", "isActive":true}}],"job":"manager","mgr":1020,"hiredate":{"$date":"1981-05-01T00:00:00.000Z"},"sal":3400,"comm":null,"deptno":10}
{"empid":1022,"ename":"james","address": {"building": "351", "coord": [-73.98513559999999, 40.7676919], "street": "West   57 Street", "zipcode": "10019"},"isDocActive": true,"gender": "male","canVote": true, "canDrive":true,"color": ["Red","Blue","Green","Yellow"], "fruit": ["Indian Fig"],"cards": [ {"PAN":{"PAN-No" :"Kinj093", "isActive":false}}, { "aadhar":{"aadhar-No" :"73826", "isActive":true}}, {"voter":{"voterID":"Ind03o3", "isActive":true}},{"licence":{"licence-No":"LMV9478","issueDate":"2020-01-01","expireDate":"2040-01-01", "isActive":true}}],"job":"manager","mgr":1020,"hiredate":{"$date":"1981-07-09T00:00:00.000Z"},"sal":4700,"comm":null,"deptno":20}
{"empid":1023,"ename":"jack","address": {"building": "2780", "coord": [-73.98241999999999, 40.579505], "street": "Stillwell Avenue", "zipcode": "11224"},"isDocActive": false,"gender": "male","canVote": true, "canDrive":true,"color": ["Air Force Blue","Apple Green"], "fruit": ["Orange"],"cards": [ {"voter":{"voterID":"Ind03o3", "isActive":true}}, { "aadhar":{"aadhar-No" :"12321", "isActive":true}}, {"PAN":{"PAN-No" :"Kinj093", "isActive":false}}, {"licence":{"licence-No":"LMV9478","issueDate":"2020-01-01","expireDate":"2040-01-01", "isActive":true}}],"job":"accountant","mgr":1022,"hiredate":{"$date":"1981-04-02T00:00:00.000Z"},"sal":2700,"comm":null,"deptno":30}
{"empid":1023,"ename":"scott","address": {"building": "97-22", "coord": [-73.8601152, 40.7311739], "street": "63 Road", "zipcode": "11374"},"isDocActive": false,"gender": "male","canVote": true, "canDrive":true,"color": ["Ash Grey", "White"], "fruit": [],"cards": [ { "aadhar":{"aadhar-No" :"93872", "isActive":true}}, {"voter":{"voterID":"Ind03o3", "isActive":true}},{"licence":{"licence-No":"LMV9478","issueDate":"2020-01-01","expireDate":"2040-01-01", "isActive":true}}, {"PAN":{"PAN-No" :"Kinj093", "isActive":false}}],"job":"salesman","mgr":1023,"hiredate":{"$date":"1981-09-28T00:00:00.000Z"},"sal":2500,"comm":350,"deptno":30}
{"empid":1024,"ename":"martin","address": {"building": "8825", "coord": [-73.8803827, 40.7643124], "street": "Astoria Boulevard", "zipcode": "11369"},"isDocActive": true,"gender": "male","canVote": true, "canDrive":true,"color": ["Banana Yellow"], "fruit": [],"cards": [ { "aadhar":{"aadhar-No" :"72877", "isActive":true}}, {"PAN":{"PAN-No" :"Kinj093", "isActive":false}},{"voter":{"voterID":"Ind03o3", "isActive":true}},{"licence":{"licence-No":"LMV9478","issueDate":"2020-01-01","expireDate":"2040-01-01", "isActive":true}}],"job":"salesman","mgr":1023,"hiredate":{"$date":"1981-02-20T00:00:00.000Z"},"sal":2900,"comm":735,"deptno":30}
{"empid":1025,"ename":"crow","address": {"building": "2206", "coord": [-74.1377286, 40.6119572], "street": "Victory Boulevard", "zipcode": "10314"},"isDocActive": false,"gender": "male","canVote": true, "canDrive":true,"color": ["Apple Green","Ash Grey"], "fruit": [],"cards": [ { "aadhar":{"aadhar-No" :"77876", "isActive":true}}, {"PAN":{"PAN-No" :"Kinj093", "isActive":false}},{"voter":{"voterID":"Ind03o3", "isActive":true}},{"licence":{"licence-No":"LMV9478","issueDate":"2020-01-01","expireDate":"2040-01-01", "isActive":true}}],"job":"salesman","mgr":1023,"hiredate":{"$date":"1981-09-08T00:00:00.000Z"},"sal":3200,"comm":null,"deptno":20}
{"empid":1026,"ename":"blake","address": {"building": "7114", "coord": [-73.9068506, 40.6199034], "street": "Avenue U", "zipcode": "11234"},"isDocActive": false,"gender": "male","canVote": true, "canDrive":true,"color": ["Brass","Bright Green"], "fruit": [],"cards": [ { "aadhar":{"aadhar-No" :"12321", "isActive":true}}, {"PAN":{"PAN-No" :"Kinj093", "isActive":false}},{"voter":{"voterID":"Ind03o3", "isActive":true}},{"licence":{"licence-No":"LMV9478","issueDate":"2020-01-01","expireDate":"2040-01-01", "isActive":true}}],"job":"clerk","mgr":1024,"hiredate":{"$date":"1981-12-03T00:00:00.000Z"},"sal":1200,"comm":null,"deptno":30}
{"empid":1027,"ename":"richards","address": {"building": "6409", "coord": [-74.00528899999999, 40.628886], "street": "11 Avenue", "zipcode": "11219"},"isDocActive": false,"gender": "male","canVote": true, "canDrive":true,"color": ["Charcoal","Cherry"], "fruit": [],"cards": [ { "aadhar":{"aadhar-No" :"83972", "isActive":true}}, {"PAN":{"PAN-No" :"Kinj093", "isActive":false}},{"voter":{"voterID":"Ind03o3", "isActive":true}},{"licence":{"licence-No":"LMV9478","issueDate":"2020-01-01","expireDate":"2040-01-01", "isActive":true}}],"job":"clerk","mgr":1024,"hiredate":{"$date":"1981-02-22T00:00:00.000Z"},"sal":1500,"comm":null,"deptno":10}
{"empid":1028,"ename":"peter","address": {"building": "1839", "coord": [-73.9482609, 40.6408271], "street": "Nostrand Avenue", "zipcode": "11226"},"isDocActive": true,"gender": "male","canVote": true, "canDrive":true,"color": ["Brown"], "fruit": ["banana","Jackfruit"],"cards": [ { "aadhar":{"aadhar-No" :"92783", "isActive":true}}, {"PAN":{"PAN-No" :"Kinj093", "isActive":false}},{"voter":{"voterID":"Ind03o3", "isActive":true}},{"licence":{"licence-No":"LMV9478","issueDate":"2020-01-01","expireDate":"2040-01-01", "isActive":true}}],"job":"analyst","mgr":1025,"hiredate":{"$date":"1981-12-03T00:00:00.000Z"},"sal":3500,"comm":null,"deptno":30}
{"empid":1029,"ename":"bob","address": {"building": "2300", "coord": [-73.8786113, 40.8502883], "street": "Southern Boulevard", "zipcode": "10460"},"isDocActive": false,"gender": "male","canVote": true, "canDrive":true,"color": ["Copper"], "fruit": [],"cards": [ { "aadhar":{"aadhar-No" :"73122", "isActive":true}}, {"PAN":{"PAN-No" :"Kinj093", "isActive":false}},{"voter":{"voterID":"Ind03o3", "isActive":true}},{"licence":{"licence-No":"LMV9478","issueDate":"2020-01-01","expireDate":"2040-01-01", "isActive":true}}],"job":"manager","mgr":1020,"hiredate":{"$date":"1980-12-17T00:00:00.000Z"},"sal":4900,"comm":null,"deptno":30}
{"empid":1030,"ename":"saleel","address": {"building": "7715", "coord": [-73.9973325, 40.61174889999999], "street": "18 Avenue", "zipcode": "11214"},"isDocActive": false,"gender": "male","canVote": true, "canDrive":true,"color": ["Coral"], "fruit": ["Dates","Orange"],"cards": [ { "aadhar":{"aadhar-No" :"73822", "isActive":true}}, {"PAN":{"PAN-No" :"Kinj093", "isActive":false}},{"licence":{"licence-No":"LMV9478","issueDate":"2020-01-01","expireDate":"2040-01-01", "isActive":true}}, {"voter":{"voterID":"Ind03o3", "isActive":true}}],"job":"programmer","mgr":1020,"hiredate":{"$date":"1982-12-09T00:00:00.000Z"},"sal":2900,"comm":null,"deptno":10}
{"empid":1031,"ename":"sharmin","address": {"building": "1269", "coord": [-73.871194, 40.6730975], "street": "Sutter Avenue", "zipcode": "11208"},"isDocActive": false,"gender": "female","canVote": true, "canDrive":true,"color": ["Cream"], "fruit": ["Indian Fig"],"cards": [ { "aadhar":{"aadhar-No" :"16523", "isActive":true}}, {"PAN":{"PAN-No" :"Kinj093", "isActive":false}},{"voter":{"voterID":"Ind03o3", "isActive":true}},{"licence":{"licence-No":"LMV9478","issueDate":"2020-01-01","expireDate":"2040-01-01", "isActive":true}}],"job":"programmer","mgr":1020,"hiredate":{"$date":"1983-01-12T00:00:00.000Z"},"sal":4999,"comm":null,"deptno":40}
{"empid":1032,"ename":"vrushali","address": {"building": "1", "coord": [-73.96926909999999, 40.7685235], "street": "East   66 Street", "zipcode": "10065"},"isDocActive": true,"gender": "female","canVote": true, "canDrive":true,"color": ["Iceberg"], "fruit": ["Orange","Papaya", "Kiwi"],"cards": [ { "aadhar":{"aadhar-No" :"22343", "isActive":true}}, {"PAN":{"PAN-No" :"Kinj093", "isActive":false}},{"voter":{"voterID":"Ind03o3", "isActive":true}},{"licence":{"licence-No":"LMV9478","issueDate":"2020-01-01","expireDate":"2040-01-01", "isActive":true}}],"job":"analyst","mgr":1030,"hiredate":{"$date":"1982-02-23T00:00:00.000Z"},"sal":4999,"comm":null,"deptno":20}
{"empid":1033,"ename":"vasant","address": {"building": "705", "coord": [-73.9653967, 40.6064339], "street": "Kings Highway", "zipcode": "11223"},"isDocActive": false,"gender": "male","canVote": true, "canDrive":true,"color": ["Bright Green"], "fruit": [],"cards": [ {"voter":{"voterID":"Ind03o3", "isActive":true}}, { "aadhar":{"aadhar-No" :"93824", "isActive":true}},{"licence":{"licence-No":"LMV9478","issueDate":"2020-01-01","expireDate":"2040-01-01", "isActive":true}}, {"PAN":{"PAN-No" :"Kinj093", "isActive":false}}],"job":"salesman","mgr":1029,"hiredate":{"$date":"1982-02-24T00:00:00.000Z"},"sal":2200,"comm":0,"deptno":40}
{"empid":1034,"ename":"vasu","address": {"building": "203", "coord": [-73.97822040000001, 40.6435254], "street": "Church Avenue", "zipcode": "11218"},"isDocActive": false,"gender": "male","canVote": true, "canDrive":true,"color": ["India Green"], "fruit": ["Dates"],"cards": [{"PAN":{"PAN-No" :"Kinj093", "isActive":false}}, { "aadhar":{"aadhar-No" :"19826", "isActive":true}}, {"licence": {"licence-No":"LMV9478","issueDate":"2020-01-01","expireDate":"2040-01-01", "isActive":true}},{"voter":{"voterID":"Ind03o3", "isActive":true}}, {"debit": {"bank":"BOI", "isActive":true}} ],"job":"salesman","mgr":1029,"hiredate":{"$date":"1980-02-14T00:00:00.000Z"},"sal":2200,"comm":250,"deptno":40}
{"empid":1035,"ename":"rahul","address": {"building": "265-15", "coord": [-73.7032601, 40.7386417], "street": "Hillside Avenue", "zipcode": "11004"},"isDocActive": false,"gender": "male","canVote": true, "canDrive":true,"color": ["Indian Red"], "fruit": ["Lychee","Indian Fig"],"cards": [ {"credit":{"bank":"SBI", "isActive":true}}, { "aadhar":{"aadhar-No" :"00998", "isActive":true}},{"OCI":{"country":"usa", "state":"NJ", "isActive":true}}, {"PAN":{"PAN-No" :"Kinj093", "isActive":false}},{"voter":{"voterID":"Ind03o3", "isActive":true}},{"licence":{"licence-No":"LMV9478","issueDate":"2020-01-01","expireDate":"2040-01-01", "isActive":true}}],"job":"clerk","mgr":1029,"hiredate":{"$date":"1981-12-31T00:00:00.000Z"},"sal":1200,"comm":null,"deptno":40}
{"empid":1036,"ename":"raju","address": {"building": "6909", "coord": [-74.0259567, 40.6353674], "street": "3 Avenue", "zipcode": "11209"},"isDocActive": true,"gender": "male","canVote": true, "canDrive":true,"color": ["Indian Yellow"], "fruit": ["Crab apples"],"cards": [ { "aadhar":{"aadhar-No" :"55622", "isActive":true}}, {"PAN":{"PAN-No" :"Kinj093", "isActive":false}},{"OCI":{"country":"usa", "state":"NJ", "isActive":true}}, {"voter":{"voterID":"Ind03o3", "isActive":true}},{"licence":{"licence-No":"LMV9478","issueDate":"2020-01-01","expireDate":"2040-01-01", "isActive":true}}],"job":"administrator","mgr":1031,"hiredate":{"$date":"1983-06-15T00:00:00.000Z"},"sal":3400,"comm":null,"deptno":50}
{"empid":1037,"ename":"ramu","address": {"building": "522", "coord": [-73.95171, 40.767461], "street": "East   74 Street", "zipcode": "10021"},"isDocActive": false,"gender": "male","canVote": true, "canDrive":true,"color": ["Lemon"], "fruit": ["Jackfruit","banana", "Apple"],"cards": [ {"ATM":{"bank":"canara", "from":"2021-10-20", "to":"2025:12:21", "isActive":true}}, { "aadhar":{"aadhar-No" :"00983", "isActive":true}},{"ATM":{"bank":"BOI", "from":"2021-10-04", "to":"2027:12:21", "isActive":true}}, {"OCI":{"country":"usa", "state":"CA", "isActive":true}}, {"PAN":{"PAN-No" :"Kinj093", "isActive":false}},{"voter":{"voterID":"Ind03o3", "isActive":true}},{"licence":{"licence-No":"LMV9478","issueDate":"2020-01-01","expireDate":"2040-01-01", "isActive":true}}],"job":"clerk","mgr":1031,"hiredate":{"$date":"1983-07-12T00:00:00.000Z"},"sal":1400,"comm":null,"deptno":50}
{"empid":1038,"ename":"neel","address": {"building": "284", "coord": [-73.9829239, 40.6580753], "street": "Prospect Park West", "zipcode": "11215"},"isDocActive": true,"gender": "male","canVote": true, "canDrive":true,"color": ["Apple Green"], "fruit": [],"cards": [{"OCI":{"country":"usa", "state":"IN", "isActive":true}}, { "aadhar":{"aadhar-No" :"00098", "isActive":true}}, {"PAN":{"PAN-No" :"Kinj093", "isActive":false}},{"voter":{"voterID":"Ind03o3", "isActive":true}},{"licence":{"licence-No":"LMV9478","issueDate":"2020-01-01","expireDate":"2040-01-01", "isActive":true}}],"job":"administrator","mgr":1030,"hiredate":{"$date":"1983-03-14T00:00:00.000Z"},"sal":4200,"comm":null,"deptno":10}
{"empid":1039,"ename":"saleel","address": {"building": "129-08", "coord": [-73.839297, 40.78147], "street": "20 Avenue", "zipcode": "11356"},"isDocActive": false,"gender": "male","canVote": true, "canDrive":true,"color": ["Cherry","Charcoal"], "fruit": [],"cards": [ {"ATM":{"bank":"BOI", "from":"2021-10-04", "to":"2027:12:21", "isActive":true}}, {"OCI":{"country":"usa", "state":"NY", "isActive":true}}, {"debit":{"bank":"BOI", "from":"2021-10-04", "to":"2027:12:21", "isActive":true}},{ "aadhar":{"aadhar-No" :"66675", "isActive":true}}, {"PAN":{"PAN-No" :"Kinj093", "isActive":false}},{"voter":{"voterID":"Ind03o3", "isActive":true}},{"licence":{"licence-No":"LMV9478","issueDate":"2020-01-01","expireDate":"2040-01-01", "isActive":true}}],"job":"analyst","mgr":1022,"hiredate":{"$date":"1982-12-09T00:00:00.000Z"},"sal":3700,"comm":null,"deptno":50}
{"empid":1040,"ename":"amit","address": {"building": "759", "coord": [-73.9925306, 40.7309346], "street": "Broadway", "zipcode": "10003"},"isDocActive": false,"gender": "male","canVote": true, "canDrive":true,"color": ["Indian Red"], "fruit": ["Crab apples"],"cards": [ { "aadhar":{"aadhar-No" :"66623", "isActive":true}}, {"PAN":{"PAN-No" :"Kinj093", "isActive":false}},{"voter":{"voterID":"Ind03o3", "isActive":true}},{"licence":{"licence-No":"LMV9478","issueDate":"2020-01-01","expireDate":"2040-01-01", "isActive":true}}],"job":"administrator","mgr":1029,"hiredate":{"$date":"1982-12-08T00:00:00.000Z"},"sal":3500,"comm":null,"deptno":50,"phone":[8.5088422e+07,{"$numberLong":"9822884228"}]}
{"empid":1041,"ename":"dinesh","address": {"building": "3406", "coord": [-73.94024739999999, 40.7623288], "street": "10 Street", "zipcode": "11106"},"isDocActive": true,"gender": "male","canVote": true, "canDrive":true,"color": ["Air Force Blue"], "fruit": [],"cards": [ { "aadhar":{"aadhar-No" :"77767", "isActive":true}}, {"PAN":{"PAN-No" :"Kinj093", "isActive":false}},{"voter":{"voterID":"Ind03o3", "isActive":true}},{"licence":{"licence-No":"LMV9478","issueDate":"2020-01-01","expireDate":"2040-01-01", "isActive":true}}],"job":"programmer","mgr":1021,"hiredate":{"$date":"1982-12-09T00:00:00.000Z"},"sal":3500,"comm":null,"deptno":50,"phone":[8.5088422e+07,{"$numberLong":"9822884228"}],"skills":{"languages":["C++","JAVA"],"web":["php","java","jquery"]}}
{"empid":1042,"ename":"amit","address": {"building": "502", "coord": [-73.976112, 40.786714], "street": "Amsterdam Avenue", "zipcode": "10024"},"isDocActive": false,"gender": "male","canVote": true, "canDrive":true,"color": ["Orange"], "fruit": [],"cards": [ { "aadhar":{"aadhar-No" :"77787", "isActive":true}}, {"PAN":{"PAN-No" :"Kinj093", "isActive":false}},{"voter":{"voterID":"Ind03o3", "isActive":true}},{"licence":{"licence-No":"LMV9478","issueDate":"2020-01-01","expireDate":"2040-01-01", "isActive":true}}],"job":"administrator","mgr":1029,"hiredate":{"$date":"1981-11-03T00:00:00.000Z"},"sal":3500,"comm":null,"deptno":50,"phone":["9850884228","9822884228"]}
{"empid":1043,"ename":"dinesh","address": {"building": "730", "coord": [-73.96805719999999, 40.7925587], "street": "Columbus Avenue", "zipcode": "10025"},"isDocActive": false,"gender": "male","canVote": true, "canDrive":true,"color": ["Navy Blue"], "fruit": [],"cards": [ { "aadhar":{"aadhar-No" :"77789", "isActive":true}}, {"PAN":{"PAN-No" :"Kinj093", "isActive":false}},{"voter":{"voterID":"Ind03o3", "isActive":true}},{"licence":{"licence-No":"LMV9478","issueDate":"2020-01-01","expireDate":"2040-01-01", "isActive":true}}],"job":"programmer","mgr":1021,"hiredate":{"$date":"1981-11-04T00:00:00.000Z"},"sal":3500,"comm":null,"deptno":50,"phone":["020-25420200",{"$numberLong":"9822336644"}],"skills":{"languages":["C++","JAVA"],"web":["php","java","jquery"]}}
{"empid":1044,"ename":"rudra","address": {"building": "18", "coord": [-73.996984, 40.72589], "street": "West Houston Street", "zipcode": "10012"},"isDocActive": false,"gender": "male","canVote": true, "canDrive":true,"color": ["Lime"], "fruit": ["Indian Fig"],"cards": [ { "aadhar":{"aadhar-No" :"55543", "isActive":true}}, {"PAN":{"PAN-No" :"Kinj093", "isActive":false}},{"voter":{"voterID":"Ind03o3", "isActive":true}},{"licence":{"licence-No":"LMV9478","issueDate":"2020-01-01","expireDate":"2040-01-01", "isActive":true}}],"job":"programmer","mgr":1021,"hiredate":{"$date":"1981-11-04T00:00:00.000Z"},"sal":2400,"comm":null,"deptno":50,"phone":"020-25420212","skills":{"web":["php","java","jquery"],"database":["oracle","ms-sql server","mongodb"]}}
{"empid":1045,"ename":"pankaj","address": {"building": "531", "coord": [-73.9634876, 40.6940001], "street": "Myrtle Avenue", "zipcode": "11205"},"isDocActive": false,"gender": "male","canVote": true, "canDrive":true,"color": ["White"], "fruit": ["Peach"],"cards": [ { "aadhar":{"aadhar-No" :"55565", "isActive":true}}, {"PAN":{"PAN-No" :"Kinj093", "isActive":false}},{"voter":{"voterID":"Ind03o3", "isActive":true}},{"licence":{"licence-No":"LMV9478","issueDate":"2020-01-01","expireDate":"2040-01-01", "isActive":true}}],"job":"programmer","mgr":1023,"hiredate":{"$date":"1980-02-17T00:00:00.000Z"},"sal":3600,"comm":null,"deptno":40,"phone":"022-2548345","skills":{"language":".NET","database":"ms-sql server"}}
{"empid":1046,"ename":"anoop","address": {"building": "103-05", "coord": [-73.8642349, 40.75356], "street": "37 Avenue", "zipcode": "11368"},"isDocActive": false,"gender": "male","canVote": true, "canDrive":true,"color": ["Navy Blue"], "fruit": [],"cards": [ { "aadhar":{"aadhar-No" :"83722", "isActive":true}}, {"PAN":{"PAN-No" :"Kinj093", "isActive":false}},{"voter":{"voterID":"Ind03o3", "isActive":true}},{"licence":{"licence-No":"LMV9478","issueDate":"2020-01-01","expireDate":"2040-01-01", "isActive":true}}],"job":"programmer","mgr":1029,"hiredate":{"$date":"1980-02-17T00:00:00.000Z"},"sal":2300,"comm":1200,"deptno":50,"phone":"022-2548345","skills":{"language":[".NET","java"],"database":"oracle","web":["json","jquery","javascript"]}}
{"empid":1047,"ename":"nitish","address": {"building": "60", "coord": [-74.0085357, 40.70620539999999], "street": "Wall Street", "zipcode": "10005"},"isDocActive": true,"gender": "male","canVote": true, "canDrive":true,"color": ["Coral","Cream"], "fruit": [],"cards": [ { "aadhar":{"aadhar-No" :"99890", "isActive":true}}, {"PAN":{"PAN-No" :"Kinj093", "isActive":false}},{"voter":{"voterID":"Ind03o3", "isActive":true}},{"licence":{"licence-No":"LMV9478","issueDate":"2020-01-01","expireDate":"2040-01-01", "isActive":true}}],"job":"programmer","mgr":1039,"hiredate":{"$date":"1980-03-14T00:00:00.000Z"},"sal":1300,"comm":1200,"deptno":50,"phone":"022-2548345","skills":{"language":[".NET","java"],"database":{"rdbms":["oracle","db2"],"nosql":["mongodb","hive"]},"web":["json","jquery","javascript","php"]}}
{"empid":1048,"ename":"neel","address": {"building": "195", "coord": [-73.9246028, 40.6522396], "street": "East   56 Street", "zipcode": "11203"},"isDocActive": false,"gender": "male","canVote": true, "canDrive":true,"color": ["Orange"], "fruit": [],"cards": [ { "aadhar":{"aadhar-No" :"99099", "isActive":true}}, {"PAN":{"PAN-No" :"Kinj093", "isActive":false}},{"voter":{"voterID":"Ind03o3", "isActive":true}},{"licence":{"licence-No":"LMV9478","issueDate":"2020-01-01","expireDate":"2040-01-01", "isActive":true}}],"job":"programmer","mgr":1039,"hiredate":{"$date":"1980-03-14T00:00:00.000Z"},"sal":1800,"comm":1400,"deptno":50,"phone":"022-2534565","skills":{"language":"ruby","database":{"rdbms":["oracle","db2"],"nosql":["mongodb","hive","hbase"]}}}
{"empid":1049,"ename":"arjun","address": {"building": "107", "coord": [-74.00920839999999, 40.7132925], "street": "Church Street", "zipcode": "10007"},"isDocActive": true,"gender": "male","canVote": true, "canDrive":true,"color": ["Sky Blue","Navy Blue","Blue"], "fruit": ["Lychee"],"cards": [ { "aadhar":{"aadhar-No" :"55434", "isActive":true}}, {"PAN":{"PAN-No" :"Kinj093", "isActive":false}},{"voter":{"voterID":"Ind03o3", "isActive":true}},{"licence":{"licence-No":"LMV9478","issueDate":"2020-01-01","expireDate":"2040-01-01", "isActive":true}}],"job":"auditor","mgr":1020,"hiredate":{"$date":"1984-05-05T00:00:00.000Z"},"sal":3200,"comm":null,"hra":1500,"da":1200,"deptno":20}
{"empid":1050,"ename":"amol","address": {"building": "1006", "coord": [-73.84856870000002, 40.8903781], "street": "East 233 Street", "zipcode": "10466"},"isDocActive": false,"gender": "male","canVote": true, "canDrive":true,"color": ["Snow White"], "fruit": ["Orange"],"cards": [ { "aadhar":{"aadhar-No" :"44445", "isActive":true}}, {"PAN":{"PAN-No" :"Kinj093", "isActive":false}},{"voter":{"voterID":"Ind03o3", "isActive":true}},{"licence":{"licence-No":"LMV9478","issueDate":"2020-01-01","expireDate":"2040-01-01", "isActive":true}}],"job":"auditor","mgr":1047,"hiredate":{"$date":"1984-05-06T00:00:00.000Z"},"sal":3800,"comm":null,"hra":1000,"da":900,"deptno":20}
{"empid":1051,"ename":"sangita","address": {"building": "56", "coord": [-73.991495, 40.692273], "street": "Court Street", "zipcode": "11201"},"isDocActive": false,"gender": "female","canVote": true, "canDrive":true,"color": ["White"], "fruit": ["Papaya"],"cards": [ { "aadhar":{"aadhar-No" :"99983", "isActive":true}}, {"PAN":{"PAN-No" :"Kinj093", "isActive":false}},{"voter":{"voterID":"Ind03o3", "isActive":true}},{"licence":{"licence-No":"LMV9478","issueDate":"2020-01-01","expireDate":"2040-01-01", "isActive":true}}],"job":"auditor","mgr":1040,"hiredate":{"$date":"1984-03-30T00:00:00.000Z"},"sal":3100,"comm":null,"hra":1000,"da":1500,"deptno":20}
{"empid":1052,"ename":"gita","address": {"building": "7615", "coord": [-74.0228449, 40.6281815], "street": "5 Avenue", "zipcode": "11209"},"isDocActive": true,"gender": "female","canVote": true, "canDrive":true,"color": ["Indian Red"], "fruit": ["Kiwi"],"cards": [ { "aadhar":{"aadhar-No" :"44460", "isActive":true}}, {"PAN":{"PAN-No" :"Kinj093", "isActive":false}},{"voter":{"voterID":"Ind03o3", "isActive":true}},{"licence":{"licence-No":"LMV9478","issueDate":"2020-01-01","expireDate":"2040-01-01", "isActive":true}}],"job":"writer","language":["english","hindi"],"mgr":1049,"hiredate":{"$date":"1984-03-29T00:00:00.000Z"},"sal":2150,"comm":750,"hra":1300,"da":1700,"deptno":40}
{"empid":1053,"ename":"sita","address": {"building": "120", "coord": [-73.9998042, 40.7251256], "street": "Prince Street", "zipcode": "10012"},"isDocActive": false,"gender": "female","canVote": true, "canDrive":true,"color": ["Snow White"], "fruit": ["Guava"],"cards": [ { "aadhar":{"aadhar-No" :"12233", "isActive":true}}, {"PAN":{"PAN-No" :"Kinj093", "isActive":false}},{"voter":{"voterID":"Ind03o3", "isActive":true}},{"licence":{"licence-No":"LMV9478","issueDate":"2020-01-01","expireDate":"2040-01-01", "isActive":true}}],"job":"writer","language":["english","hindi","marathi"],"mgr":1049,"hiredate":{"$date":"1984-03-30T00:00:00.000Z"},"sal":3755,"comm":750,"hra":1100,"da":1100,"deptno":40}
{"empid":2001,"ename":"pinky","address": {"building": "1236", "coord": [-73.8893654, 40.81376179999999], "street": "238 Spofford Ave", "zipcode": "10474"},"isDocActive": true,"gender": "female","canVote": true, "canDrive":true,"color": ["India Green"], "fruit": ["banana","Jackfruit"],"cards": [ { "aadhar":{"aadhar-No" :"33434", "isActive":true}}, {"PAN":{"PAN-No" :"Kinj093", "isActive":false}},{"voter":{"voterID":"Ind03o3", "isActive":true}},{"licence":{"licence-No":"LMV9478","issueDate":"2020-01-01","expireDate":"2040-01-01", "isActive":true}}],"job":"Computer Programmer","mgr":1039,"hiredate":{"$date":"1983-07-17T00:00:00.000Z"},"sal":3500,"comm":null,"deptno":10}
{"empid":2002,"ename":"priti","address": {"building": "625", "coord": [-73.990494, 40.7569545], "street": "8 Avenue", "zipcode": "10018"},"isDocActive": false,"gender": "female","canVote": true, "canDrive":true,"color": ["Violet"], "fruit": [],"cards": [ { "aadhar":{"aadhar-No" :"55565", "isActive":true}}, {"PAN":{"PAN-No" :"Kinj093", "isActive":false}},{"voter":{"voterID":"Ind03o3", "isActive":true}},{"licence":{"licence-No":"LMV9478","issueDate":"2020-01-01","expireDate":"2040-01-01", "isActive":true}}],"job":"Computer Programmer","mgr":1037,"hiredate":{"$date":"1983-07-17T00:00:00.000Z"},"sal":5500,"comm":null,"deptno":20}
{"empid":2003,"ename":"supriya","address": {"building": "1069", "coord": [-73.902463, 40.694924], "street": "Wyckoff Avenue", "zipcode": "11385"},"isDocActive": true,"gender": "female","canVote": true, "canDrive":true,"color": ["Snow White"], "fruit": [],"cards": [ { "aadhar":{"aadhar-No" :"33343", "isActive":true}}, {"PAN":{"PAN-No" :"Kinj093", "isActive":false}},{"voter":{"voterID":"Ind03o3", "isActive":true}},{"licence":{"licence-No":"LMV9478","issueDate":"2020-01-01","expireDate":"2040-01-01", "isActive":true}}],"job":"Computer Programmer","mgr":2001,"hiredate":{"$date":"1983-07-17T00:00:00.000Z"},"sal":3500,"comm":null,"deptno":30}
{"empid":2004,"ename":"sangu","address": {"building": "405", "coord": [-73.97534999999999, 40.7516269], "street": "Lexington Avenue", "zipcode": "10174"},"isDocActive": true,"gender": "female","canVote": true, "canDrive":true,"color": ["Apple Green"], "fruit": ["Passion Fruit"],"cards": [ { "aadhar":{"aadhar-No" :"33321", "isActive":true}}, {"PAN":{"PAN-No" :"Kinj093", "isActive":false}},{"voter":{"voterID":"Ind03o3", "isActive":true}},{"licence":{"licence-No":"LMV9478","issueDate":"2020-01-01","expireDate":"2040-01-01", "isActive":true}}],"job":"Computer Programmer","mgr":2002,"hiredate":{"$date":"1980-07-17T00:00:00.000Z"},"sal":6000,"comm":null,"deptno":10}
{"empid":2005,"ename":"laxman","address": {"building": "2491", "coord": [-74.1459332, 40.6103714], "street": "Victory Boulevard", "zipcode": "10314"},"isDocActive": false,"gender": "male","canVote": true, "canDrive":true,"color": ["India Green"], "fruit": [],"cards": [ { "aadhar":{"aadhar-No" :"76565", "isActive":true}}, {"PAN":{"PAN-No" :"Kinj093", "isActive":false}},{"voter":{"voterID":"Ind03o3", "isActive":true}},{"licence":{"licence-No":"LMV9478","issueDate":"2020-01-01","expireDate":"2040-01-01"}}],"job":"Computer Programmer","mgr":2001,"hiredate":{"$date":"1980-11-17T00:00:00.000Z"},"sal":6500,"comm":null,"deptno":20}
{"empid":2006,"ename":"rahsmi","address": {"building": "7905", "coord": [-73.8740217, 40.7135015], "street": "Metropolitan Avenue", "zipcode": "11379"},"isDocActive": true,"gender": "female","canVote": true, "canDrive":true,"color": ["Orange"], "fruit": ["Peach"],"cards": [ { "aadhar":{"aadhar-No" :"77625", "isActive":true}}, {"PAN":{"PAN-No" :"Kinj093", "isActive":false}},{"voter":{"voterID":"Ind03o3", "isActive":true}},{"licence":{"licence-No":"LMV9478","issueDate":"2020-01-01","expireDate":"2040-01-01", "isActive":true}}],"job":"Computer Programmer","mgr":2002,"hiredate":{"$date":"1982-05-17T00:00:00.000Z"},"sal":5600,"comm":null,"deptno":30}
{"empid":2007,"ename":"raj","address": {"building": "87-69", "coord": [-73.8309503, 40.7001121], "street": "Lefferts Boulevard", "zipcode": "11418"},"isDocActive": false,"gender": "male","canVote": true, "canDrive":true,"color": ["Dark Orange"], "fruit": ["Papaya"],"cards": [ { "aadhar":{"aadhar-No" :"87767", "isActive":true}}, {"PAN":{"PAN-No" :"Kinj093", "isActive":false}},{"voter":{"voterID":"Ind03o3", "isActive":true}},{"licence":{"licence-No":"LMV9478","issueDate":"2020-01-01","expireDate":"2040-01-01", "isActive":true}}],"job":"Computer Programmer","mgr":1039,"hiredate":{"$date":"1981-08-17T00:00:00.000Z"},"sal":7000,"comm":null,"deptno":40}
{"empid":2008,"ename":"roselin","address": {"building": "1418", "coord": [-73.95685019999999, 40.7753401], "street": "Third Avenue", "zipcode": "10028"},"isDocActive": true,"gender": "female","canVote": true, "canDrive":true,"color": ["White"], "fruit": ["watermelon","mango"],"cards": [ { "aadhar":{"aadhar-No" :"22223", "isActive":true}}, {"PAN":{"PAN-No" :"Kinj093", "isActive":false}},{"voter":{"voterID":"Ind03o3", "isActive":true}},{"licence":{"licence-No":"LMV9478","issueDate":"2020-01-01","expireDate":"2040-01-01", "isActive":true}}],"job":"Computer Programmer","mgr":2005,"hiredate":{"$date":"1983-02-17T00:00:00.000Z"},"sal":800,"comm":null,"deptno":30}
{"empid":2009,"ename":"janhavi","address": {"building": "464", "coord": [-73.9791458, 40.744328], "street": "3 Avenue", "zipcode": "10016"},"isDocActive": false,"gender": "female","canVote": true, "canDrive":true,"color": ["Violet"], "fruit": ["Papaya"],"cards": [ { "aadhar":{"aadhar-No" :"11117", "isActive":true}}, {"PAN":{"PAN-No" :"Kinj093", "isActive":false}},{"voter":{"voterID":"Ind03o3", "isActive":true}},{"licence":{"licence-No":"LMV9478","issueDate":"2020-01-01","expireDate":"2040-01-01", "isActive":true}}],"job":"Computer Programmer","mgr":2002,"hiredate":{"$date":"1983-08-17T00:00:00.000Z"},"sal":4700,"comm":null,"deptno":40}
{"empid":2010,"ename":"jasu","address": {"building": "437", "coord": [-73.975393, 40.757365], "street": "Madison Avenue", "zipcode": "10022"},"isDocActive": false,"gender": "male","canVote": true, "canDrive":true,"color": ["Lawn Green"], "fruit": ["Fig","apple"],"cards": [ { "aadhar":{"aadhar-No" :"44446", "isActive":true}}, {"PAN":{"PAN-No" :"Kinj093", "isActive":false}},{"voter":{"voterID":"Ind03o3", "isActive":true}},{"licence":{"licence-No":"LMV9478","issueDate":"2020-01-01","expireDate":"2040-01-01", "isActive":true}}],"job":"Computer Programmer","mgr":2007,"hiredate":{"$date":"1983-04-17T00:00:00.000Z"},"sal":5800,"comm":null,"deptno":40}
{"empid":2011,"ename":"snehal","address": {"building": "1031", "coord": [-73.9075537, 40.6438684], "street": "East   92 Street", "zipcode": "11236"},"isDocActive": true,"gender": "female","canVote": true, "canDrive":true,"color": ["India Green"], "fruit": ["apple"],"cards": [ { "aadhar":{"aadhar-No" :"66667", "isActive":true}}, {"PAN":{"PAN-No" :"Kinj093", "isActive":false}},{"voter":{"voterID":"Ind03o3", "isActive":true}},{"licence":{"licence-No":"LMV9478","issueDate":"2020-01-01","expireDate":"2040-01-01", "isActive":true}}],"job":"WEB Programmer","mgr":1039,"hiredate":{"$date":"1983-07-17T00:00:00.000Z"},"sal":2500,"comm":null,"deptno":10}
{"empid":2012,"ename":"rupal","address": {"building": "1111", "coord": [-74.0796436, 40.59878339999999], "street": "Hylan Boulevard", "zipcode": "10305"},"isDocActive": false,"gender": "female","canVote": true, "canDrive":true,"color": ["Violet"], "fruit": ["grapes"],"cards": [ { "aadhar":{"aadhar-No" :"12374", "isActive":true}}, {"PAN":{"PAN-No" :"Kinj093", "isActive":false}},{"voter":{"voterID":"Ind03o3", "isActive":true}},{"licence":{"licence-No":"LMV9478","issueDate":"2020-01-01","expireDate":"2040-01-01", "isActive":true}}],"job":"WEB Programmer","mgr":1037,"hiredate":{"$date":"1983-07-17T00:00:00.000Z"},"sal":6500,"comm":null,"deptno":20}
{"empid":2013,"ename":"bandish","address": {"building": "976", "coord": [-73.92701509999999, 40.6620192], "street": "Rutland Road", "zipcode": "11212"},"isDocActive": true,"gender": "female","canVote": true, "canDrive":true,"color": ["Snow White"], "fruit": ["mango"],"cards": [ { "aadhar":{"aadhar-No" :"93710", "isActive":true}}, {"PAN":{"PAN-No" :"Kinj093", "isActive":false}},{"voter":{"voterID":"Ind03o3", "isActive":true}},{"licence":{"licence-No":"LMV9478","issueDate":"2020-01-01","expireDate":"2040-01-01"}}],"job":"WEB Programmer","mgr":2001,"hiredate":{"$date":"1983-07-17T00:00:00.000Z"},"sal":7000,"comm":null,"deptno":30}
{"empid":2014,"ename":"madhavi","address": {"building": "148", "coord": [-73.9806854, 40.7778589], "street": "West   72 Street", "zipcode": "10023"},"isDocActive": true,"gender": "female","canVote": true, "canDrive":true,"color": ["Apple Green"], "fruit": ["mango"],"cards": [ { "aadhar":{"aadhar-No" :"00900", "isActive":true}}, {"PAN":{"PAN-No" :"Kinj093", "isActive":false}},{"voter":{"voterID":"Ind03o3", "isActive":true}},{"licence":{"licence-No":"LMV9478","issueDate":"2020-01-01","expireDate":"2040-01-01", "isActive":true}}],"job":"WEB Programmer","mgr":2002,"hiredate":{"$date":"1980-07-17T00:00:00.000Z"},"sal":6900,"comm":null,"deptno":10}
{"empid":2015,"ename":"ram","address": {"building": "364", "coord": [-73.96084119999999, 40.8014307], "street": "West  110 Street", "zipcode": "10025"},"isDocActive": false,"gender": "male","canVote": true, "canDrive":true,"color": ["India Green"], "fruit": ["cherry", "grapes"],"cards": [ { "aadhar":{"aadhar-No" :"00600", "isActive":true}}, {"PAN":{"PAN-No" :"Kinj093", "isActive":false}},{"voter":{"voterID":"Ind03o3", "isActive":true}},{"licence":{"licence-No":"LMV9478","issueDate":"2020-01-01","expireDate":"2040-01-01", "isActive":true}}],"job":"WEB Programmer","mgr":2001,"hiredate":{"$date":"1980-11-17T00:00:00.000Z"},"sal":6200,"comm":null,"deptno":20}
{"empid":2016,"ename":"aditi","address": {"building": "1423", "coord": [-73.9615132, 40.6253268], "street": "Avenue J", "zipcode": "11230"},"isDocActive": true,"gender": "female","canVote": true, "canDrive":true,"color": ["Orange"], "fruit": ["lime","Guava"],"cards": [ { "aadhar":{"aadhar-No" :"88788", "isActive":true}}, {"PAN":{"PAN-No" :"Kinj093", "isActive":false}},{"voter":{"voterID":"Ind03o3", "isActive":true}},{"licence":{"licence-No":"LMV9478","issueDate":"2020-01-01","expireDate":"2040-01-01", "isActive":true}}],"job":"WEB Programmer","mgr":2002,"hiredate":{"$date":"1982-05-17T00:00:00.000Z"},"sal":5700,"comm":null,"deptno":30}
{"empid":2017,"ename":"neeraj","address": {"building": "0", "coord": [-84.2040813, 9.9986585], "street": "Guardia Airport Parking", "zipcode": "11371"},"isDocActive": false,"gender": "male","canVote": true, "canDrive":true,"color": ["Dark Orange"], "fruit": ["pineapple"],"cards": [ { "aadhar":{"aadhar-No" :"55475", "isActive":true}}, {"PAN":{"PAN-No" :"Kinj093", "isActive":false}},{"voter":{"voterID":"Ind03o3", "isActive":true}},{"licence":{"licence-No":"LMV9478","issueDate":"2020-01-01","expireDate":"2040-01-01", "isActive":true}}],"job":"WEB Programmer","mgr":1039,"hiredate":{"$date":"1981-08-17T00:00:00.000Z"},"sal":7700,"comm":null,"deptno":40}
{"empid":2018,"ename":"meera","address": {"building": "73", "coord": [-74.1178949, 40.5734906], "street": "New Dorp Plaza", "zipcode": "10306"},"isDocActive": true,"gender": "female","canVote": true, "canDrive":true,"color": ["White"], "fruit": ["watermelon"],"cards": [ { "aadhar":{"aadhar-No" :"92832", "isActive":true}}, {"PAN":{"PAN-No" :"Kinj093", "isActive":false}},{"voter":{"voterID":"Ind03o3", "isActive":true}},{"licence":{"licence-No":"LMV9478","issueDate":"2020-01-01","expireDate":"2040-01-01", "isActive":true}}],"job":"WEB Programmer","mgr":2005,"hiredate":{"$date":"1983-02-17T00:00:00.000Z"},"sal":801,"comm":null,"deptno":30}
{"empid":2019,"ename":"zara","address": {"building": "277", "coord": [-73.8941893, 40.8634684], "street": "East Kingsbridge Road", "zipcode": "10458"},"isDocActive": false,"gender": "female","canVote": true, "canDrive":true,"color": ["Violet"], "fruit": ["Dragon Fruit"],"cards": [ { "aadhar":{"aadhar-No" :"73878", "isActive":true}}, {"PAN":{"PAN-No" :"Kinj093", "isActive":false}},{"voter":{"voterID":"Ind03o3", "isActive":true}},{"licence":{"licence-No":"LMV9478","issueDate":"2020-01-01","expireDate":"2040-01-01", "isActive":true}}],"job":"WEB Programmer","mgr":2002,"hiredate":{"$date":"1983-08-17T00:00:00.000Z"},"sal":3700,"comm":null,"deptno":40}
{"empid":2020,"ename":"tanvi","address": {"building": "203", "coord": [-74.15235919999999, 40.5563756], "street": "Giffords Lane", "zipcode": "10308"},"isDocActive": false,"gender": "female","canVote": true, "canDrive":true,"color": ["Lawn Green"], "fruit": ["Avocado"],"cards": [ { "aadhar":{"aadhar-No" :"87828", "isActive":true}}, {"PAN":{"PAN-No" :"Kinj093", "isActive":false}},{"voter":{"voterID":"Ind03o3", "isActive":true}},{"licence":{"licence-No":"LMV9478","issueDate":"2020-01-01","expireDate":"2040-01-01"}}],"job":"WEB Programmer","mgr":2007,"hiredate":{"$date":"1983-04-17T00:00:00.000Z"},"sal":5700,"comm":null,"deptno":40}
{"empid":2021,"ename":"Emma","address": {"building": "2031", "coord": [-78.15235919456999, 47.5568756], "street": "Giffords Lane", "zipcode": "11309"},"isDocActive": true,"gender": "female", "canVote": true, "canDrive":true, "color": ["Lawn Green", "Sky Blue"], "fruit": ["Avocado","Grapes","Orance"], "cards": [ { "aadhar":{"aadhar-No" :"02920", "isActive":true}}, {"PAN":{"PAN-No" :"Kinj093", "isActive":false}},{"voter":{"voterID":"Ind03o3", "isActive":true}},{"licence":{"licence-No":"LMV9478","issueDate":"2020-01-01","expireDate":"2040-01-01", "isActive":true}}],"job":"WEB Programmer","mgr":2001,"hiredate":{"$date":"1982-04-17T00:00:00.000Z"},"sal":7700,"comm":null,"deptno":10}
{"empid":2022,"ename":"Emma","address": {"building": "2031", "coord": [-78.15235919456999, 47.5568756], "street": "Keesey Street", "zipcode": "11310"},"isDocActive": false,"gender": "female", "canVote": false, "canDrive":true, "color": ["Lawn Green", "Sky Blue"], "fruit": ["Avocado","Grapes","Orance"], "cards": [ { "aadhar":{"aadhar-No" :"23232", "isActive":true}}, {"PAN":{"PAN-No" :"Kinj093", "isActive":false}},{"voter":{"voterID":"Ind03o3", "isActive":true}},{"licence":{"licence-No":"LMV9478","issueDate":"2020-01-01","expireDate":"2040-01-01", "isActive":true}}],"job":"WEB Programmer","mgr":2001,"hiredate":{"$date":"1982-08-17T00:00:00.000Z"}, "sal":7000,"comm":null,"deptno":10}
{"empid":2023,"ename":"Olivia","address": {"building": "031", "coord": [-78.15231429456999, 42.5560956], "street": "Hazel Grove", "zipcode": "133038"},"isDocActive": true,"gender": "female", "canVote": false, "canDrive":true, "color": ["Lawn Green", "Sky Blue"], "fruit": ["Banana","Grapes","Orance"], "cards": [ { "aadhar":{"aadhar-No" :"23435", "isActive":true}}, {"PAN":{"PAN-No" :"Kinj093", "isActive":false}},{"voter":{"voterID":"Ind03o3", "isActive":true}},{"licence":{"licence-No":"LMV9478","issueDate":"2020-01-01","expireDate":"2040-01-01", "isActive":true}}],"job":"WEB Programmer","mgr":2001,"hiredate":{"$date":"1981-06-17T00:00:00.000Z"}, "sal":9000,"comm":null,"deptno":10}
{"empid":2024,"ename":"Mia","address": {"building": "032", "coord": [-78.15235919456999, 43.5578756], "street": "Kidd Cottages", "zipcode": "33038"},"isDocActive": false,"gender": "female", "canVote": false, "canDrive":true, "color": ["Light Pink", "Light Blue"], "fruit": ["Orance"], "cards": [ { "aadhar":{"aadhar-No" :"64434", "isActive":true}}, {"PAN":{"PAN-No" :"Kinj093", "isActive":false}},{"voter":{"voterID":"Ind03o3", "isActive":true}},{"licence":{"licence-No":"LMV9478","issueDate":"2020-01-01","expireDate":"2040-01-01", "isActive":true}}],"job":"WEB Programmer","mgr":2001,"hiredate":{"$date":"1983-04-17T00:00:00.000Z"}, "sal":9500,"comm":null,"deptno":10}
{"empid":2025,"ename":"Emily","address": {"building": "7036", "coord": [-78.15299819456999, 40.5568756], "street": "Adams Row", "zipcode": "15310"},"isDocActive": false, "gender": "female", "canVote": false, "canDrive":false, "color": ["Yellow"], "fruit": ["Grapes"], "cards": [ { "aadhar":{"aadhar-No" :"75463", "isActive":true}}, {"PAN":{"PAN-No" :"Kinj093", "isActive":false}},{"licence":{"licence-No":"LMV9478","issueDate":"2020-01-01","expireDate":"2040-01-01", "isActive":true}},{"voter":{"voterID":"Ind03o3", "isActive":true}}],"job":"WEB Programmer","mgr":2004,"hiredate":{"$date":"1981-04-19T00:00:00.000Z"}, "sal":7600,"comm":null,"deptno":40}